-- MySQL dump 10.13  Distrib 5.7.17, for Win64 (x86_64)
--
-- Host: 127.0.0.1    Database: nflpickem
-- ------------------------------------------------------
-- Server version	5.5.5-10.1.21-MariaDB

/*!40101 SET @OLD_CHARACTER_SET_CLIENT=@@CHARACTER_SET_CLIENT */;
/*!40101 SET @OLD_CHARACTER_SET_RESULTS=@@CHARACTER_SET_RESULTS */;
/*!40101 SET @OLD_COLLATION_CONNECTION=@@COLLATION_CONNECTION */;
/*!40101 SET NAMES utf8 */;
/*!40103 SET @OLD_TIME_ZONE=@@TIME_ZONE */;
/*!40103 SET TIME_ZONE='+00:00' */;
/*!40014 SET @OLD_UNIQUE_CHECKS=@@UNIQUE_CHECKS, UNIQUE_CHECKS=0 */;
/*!40014 SET @OLD_FOREIGN_KEY_CHECKS=@@FOREIGN_KEY_CHECKS, FOREIGN_KEY_CHECKS=0 */;
/*!40101 SET @OLD_SQL_MODE=@@SQL_MODE, SQL_MODE='NO_AUTO_VALUE_ON_ZERO' */;
/*!40111 SET @OLD_SQL_NOTES=@@SQL_NOTES, SQL_NOTES=0 */;

--
-- Table structure for table `nflp_comments`
--

DROP TABLE IF EXISTS `nflp_comments`;
/*!40101 SET @saved_cs_client     = @@character_set_client */;
/*!40101 SET character_set_client = utf8 */;
CREATE TABLE `nflp_comments` (
  `commentID` int(11) NOT NULL AUTO_INCREMENT,
  `userID` int(11) NOT NULL,
  `subject` varchar(255) DEFAULT NULL,
  `comment` longtext NOT NULL,
  `postDateTime` datetime DEFAULT NULL,
  PRIMARY KEY (`commentID`)
) ENGINE=MyISAM DEFAULT CHARSET=utf8 ROW_FORMAT=DYNAMIC;
/*!40101 SET character_set_client = @saved_cs_client */;

--
-- Dumping data for table `nflp_comments`
--

LOCK TABLES `nflp_comments` WRITE;
/*!40000 ALTER TABLE `nflp_comments` DISABLE KEYS */;
/*!40000 ALTER TABLE `nflp_comments` ENABLE KEYS */;
UNLOCK TABLES;

--
-- Table structure for table `nflp_divisions`
--

DROP TABLE IF EXISTS `nflp_divisions`;
/*!40101 SET @saved_cs_client     = @@character_set_client */;
/*!40101 SET character_set_client = utf8 */;
CREATE TABLE `nflp_divisions` (
  `divisionID` int(11) NOT NULL AUTO_INCREMENT,
  `conference` varchar(10) NOT NULL,
  `division` varchar(32) NOT NULL,
  PRIMARY KEY (`divisionID`)
) ENGINE=MyISAM AUTO_INCREMENT=9 DEFAULT CHARSET=utf8 ROW_FORMAT=DYNAMIC;
/*!40101 SET character_set_client = @saved_cs_client */;

--
-- Dumping data for table `nflp_divisions`
--

LOCK TABLES `nflp_divisions` WRITE;
/*!40000 ALTER TABLE `nflp_divisions` DISABLE KEYS */;
INSERT INTO `nflp_divisions` VALUES (1,'AFC','North'),(2,'AFC','South'),(3,'AFC','East'),(4,'AFC','West'),(5,'NFC','North'),(6,'NFC','South'),(7,'NFC','East'),(8,'NFC','West');
/*!40000 ALTER TABLE `nflp_divisions` ENABLE KEYS */;
UNLOCK TABLES;

--
-- Table structure for table `nflp_email_templates`
--

DROP TABLE IF EXISTS `nflp_email_templates`;
/*!40101 SET @saved_cs_client     = @@character_set_client */;
/*!40101 SET character_set_client = utf8 */;
CREATE TABLE `nflp_email_templates` (
  `email_template_key` varchar(255) NOT NULL,
  `email_template_title` varchar(255) NOT NULL,
  `default_subject` varchar(255) DEFAULT NULL,
  `default_message` text,
  `subject` varchar(255) DEFAULT NULL,
  `message` text,
  PRIMARY KEY (`email_template_key`)
) ENGINE=MyISAM DEFAULT CHARSET=utf8 ROW_FORMAT=DYNAMIC;
/*!40101 SET character_set_client = @saved_cs_client */;

--
-- Dumping data for table `nflp_email_templates`
--

LOCK TABLES `nflp_email_templates` WRITE;
/*!40000 ALTER TABLE `nflp_email_templates` DISABLE KEYS */;
INSERT INTO `nflp_email_templates` VALUES ('WEEKLY_PICKS_REMINDER','Weekly Picks Reminder','NFL Pick \'Em Week {week} Reminder','Hello {player},<br /><br />You are receiving this email because you do not yet have all of your picks in for week {week}.&nbsp; This is your reminder.&nbsp; The first game is {first_game} (Eastern), so to receive credit for that game, you\'ll have to make your pick before then.<br /><br />Links:<br />&nbsp;- NFL Pick \'Em URL: {site_url}<br />&nbsp;- Help/Rules: {rules_url}<br /><br />Good Luck!<br />','NFL Pick \'Em Week {week} Reminder','Hello {player},<br /><br />You are receiving this email because you do not yet have all of your picks in for week {week}.&nbsp; This is your reminder.&nbsp; The first game is {first_game} (Eastern), so to receive credit for that game, you\'ll have to make your pick before then.<br /><br />Links:<br />&nbsp;- NFL Pick \'Em URL: {site_url}<br />&nbsp;- Help/Rules: {rules_url}<br /><br />Good Luck!<br />'),('WEEKLY_RESULTS_REMINDER','Last Week Results/Reminder','NFL Pick \'Em Week {previousWeek} Standings/Reminder','Congratulations this week go to {winners} for winning week {previousWeek}.  The winner(s) had {winningScore} out of {possibleScore} picks correct.<br /><br />The current leaders are:<br />{currentLeaders}<br /><br />The most accurate players are:<br />{bestPickRatios}<br /><br />*Reminder* - Please make your picks for week {week} before {first_game} (Eastern).<br /><br />Links:<br />&nbsp;- NFL Pick \'Em URL: {site_url}<br />&nbsp;- Help/Rules: {rules_url}<br /><br />Good Luck!<br />','NFL Pick \'Em Week {previousWeek} Standings/Reminder','Congratulations this week go to {winners} for winning week {previousWeek}.  The winner(s) had {winningScore} out of {possibleScore} picks correct.<br /><br />The current leaders are:<br />{currentLeaders}<br /><br />The most accurate players are:<br />{bestPickRatios}<br /><br />*Reminder* - Please make your picks for week {week} before {first_game} (Eastern).<br /><br />Links:<br />&nbsp;- NFL Pick \'Em URL: {site_url}<br />&nbsp;- Help/Rules: {rules_url}<br /><br />Good Luck!<br />'),('FINAL_RESULTS','Final Results','NFL Pick \'Em 2015 Final Results','Congratulations this week go to {winners} for winning week\r\n{previousWeek}. The winner(s) had {winningScore} out of {possibleScore}\r\npicks correct.<br /><br /><span style=\"font-weight: bold;\">Congratulations to {final_winner}</span> for winning NFL Pick \'Em 2015!&nbsp; {final_winner} had {final_winningScore} wins and had a pick ratio of {picks}/{possible} ({pickpercent}%).<br /><br />Top Wins:<br />{currentLeaders}<br /><br />The most accurate players are:<br />{bestPickRatios}<br /><br />Thanks for playing, and I hope to see you all again for NFL Pick \'Em 2012!','NFL Pick \'Em 2015 Final Results','Congratulations this week go to {winners} for winning week\r\n{previousWeek}. The winner(s) had {winningScore} out of {possibleScore}\r\npicks correct.<br /><br /><span style=\"font-weight: bold;\">Congratulations to {final_winner}</span> for winning NFL Pick \'Em 2015!&nbsp; {final_winner} had {final_winningScore} wins and had a pick ratio of {picks}/{possible} ({pickpercent}%).<br /><br />Top Wins:<br />{currentLeaders}<br /><br />The most accurate players are:<br />{bestPickRatios}<br /><br />Thanks for playing, and I hope to see you all again for NFL Pick \'Em 2012!');
/*!40000 ALTER TABLE `nflp_email_templates` ENABLE KEYS */;
UNLOCK TABLES;

--
-- Table structure for table `nflp_picks`
--

DROP TABLE IF EXISTS `nflp_picks`;
/*!40101 SET @saved_cs_client     = @@character_set_client */;
/*!40101 SET character_set_client = utf8 */;
CREATE TABLE `nflp_picks` (
  `userID` int(11) NOT NULL,
  `gameID` int(11) NOT NULL,
  `pickID` varchar(10) NOT NULL,
  `points` int(11) DEFAULT NULL,
  PRIMARY KEY (`userID`,`gameID`)
) ENGINE=MyISAM DEFAULT CHARSET=utf8 ROW_FORMAT=DYNAMIC;
/*!40101 SET character_set_client = @saved_cs_client */;

--
-- Dumping data for table `nflp_picks`
--

LOCK TABLES `nflp_picks` WRITE;
/*!40000 ALTER TABLE `nflp_picks` DISABLE KEYS */;
/*!40000 ALTER TABLE `nflp_picks` ENABLE KEYS */;
UNLOCK TABLES;

--
-- Table structure for table `nflp_picksummary`
--

DROP TABLE IF EXISTS `nflp_picksummary`;
/*!40101 SET @saved_cs_client     = @@character_set_client */;
/*!40101 SET character_set_client = utf8 */;
CREATE TABLE `nflp_picksummary` (
  `weekNum` int(11) NOT NULL DEFAULT '0',
  `userID` int(11) NOT NULL DEFAULT '0',
  `tieBreakerPoints` int(11) NOT NULL,
  `showPicks` tinyint(1) NOT NULL DEFAULT '1',
  PRIMARY KEY (`weekNum`,`userID`)
) ENGINE=MyISAM DEFAULT CHARSET=utf8 ROW_FORMAT=FIXED;
/*!40101 SET character_set_client = @saved_cs_client */;

--
-- Dumping data for table `nflp_picksummary`
--

LOCK TABLES `nflp_picksummary` WRITE;
/*!40000 ALTER TABLE `nflp_picksummary` DISABLE KEYS */;
/*!40000 ALTER TABLE `nflp_picksummary` ENABLE KEYS */;
UNLOCK TABLES;

--
-- Table structure for table `nflp_schedule`
--

DROP TABLE IF EXISTS `nflp_schedule`;
/*!40101 SET @saved_cs_client     = @@character_set_client */;
/*!40101 SET character_set_client = utf8 */;
CREATE TABLE `nflp_schedule` (
  `gameID` int(11) NOT NULL AUTO_INCREMENT,
  `weekNum` int(11) NOT NULL,
  `gameTimeEastern` datetime DEFAULT NULL,
  `homeID` varchar(10) NOT NULL,
  `homeScore` int(11) DEFAULT NULL,
  `visitorID` varchar(10) NOT NULL,
  `visitorScore` int(11) DEFAULT NULL,
  `overtime` tinyint(1) NOT NULL DEFAULT '0',
  PRIMARY KEY (`gameID`),
  KEY `GameID` (`gameID`),
  KEY `HomeID` (`homeID`),
  KEY `VisitorID` (`visitorID`)
) ENGINE=MyISAM AUTO_INCREMENT=257 DEFAULT CHARSET=utf8 ROW_FORMAT=DYNAMIC;
/*!40101 SET character_set_client = @saved_cs_client */;

--
-- Dumping data for table `nflp_schedule`
--

LOCK TABLES `nflp_schedule` WRITE;
/*!40000 ALTER TABLE `nflp_schedule` DISABLE KEYS */;
INSERT INTO `nflp_schedule` VALUES (1,1,'2017-09-07 20:30:00','NE',NULL,'KC',NULL,0),(2,1,'2017-09-10 13:00:00','DET',NULL,'ARI',NULL,0),(3,1,'2017-09-10 13:00:00','CHI',NULL,'ATL',NULL,0),(4,1,'2017-09-10 13:00:00','CIN',NULL,'BAL',NULL,0),(5,1,'2017-09-10 13:00:00','HOU',NULL,'JAX',NULL,0),(6,1,'2017-09-10 13:00:00','BUF',NULL,'NYJ',NULL,0),(7,1,'2017-09-10 13:00:00','TEN',NULL,'OAK',NULL,0),(8,1,'2017-09-10 13:00:00','WAS',NULL,'PHI',NULL,0),(9,1,'2017-09-10 13:00:00','CLE',NULL,'PIT',NULL,0),(10,1,'2017-09-10 13:00:00','MIA',NULL,'TB',NULL,0),(11,1,'2017-09-10 16:05:00','LAR',NULL,'IND',NULL,0),(12,1,'2017-09-10 16:25:00','SF',NULL,'CAR',NULL,0),(13,1,'2017-09-10 16:25:00','GB',NULL,'SEA',NULL,0),(14,1,'2017-09-10 20:30:00','DAL',NULL,'NYG',NULL,0),(15,1,'2017-09-11 19:10:00','MIN',NULL,'NO',NULL,0),(16,1,'2017-09-11 22:20:00','DEN',NULL,'LAC',NULL,0),(17,2,'2017-09-14 20:25:00','CIN',NULL,'HOU',NULL,0),(18,2,'2017-09-17 13:00:00','IND',NULL,'ARI',NULL,0),(19,2,'2017-09-17 13:00:00','CAR',NULL,'BUF',NULL,0),(20,2,'2017-09-17 13:00:00','TB',NULL,'CHI',NULL,0),(21,2,'2017-09-17 13:00:00','BAL',NULL,'CLE',NULL,0),(22,2,'2017-09-17 13:00:00','PIT',NULL,'MIN',NULL,0),(23,2,'2017-09-17 13:00:00','NO',NULL,'NE',NULL,0),(24,2,'2017-09-17 13:00:00','KC',NULL,'PHI',NULL,0),(25,2,'2017-09-17 13:00:00','JAX',NULL,'TEN',NULL,0),(26,2,'2017-09-17 16:05:00','LAC',NULL,'MIA',NULL,0),(27,2,'2017-09-17 16:05:00','OAK',NULL,'NYJ',NULL,0),(28,2,'2017-09-17 16:25:00','DEN',NULL,'DAL',NULL,0),(29,2,'2017-09-17 16:25:00','SEA',NULL,'SF',NULL,0),(30,2,'2017-09-17 16:25:00','LAR',NULL,'WAS',NULL,0),(31,2,'2017-09-17 20:30:00','ATL',NULL,'GB',NULL,0),(32,2,'2017-09-18 20:30:00','NYG',NULL,'DET',NULL,0),(33,3,'2017-09-21 20:25:00','SF',NULL,'LAR',NULL,0),(34,3,'2017-09-24 09:30:00','JAX',NULL,'BAL',NULL,0),(35,3,'2017-09-24 13:00:00','DET',NULL,'ATL',NULL,0),(36,3,'2017-09-24 13:00:00','IND',NULL,'CLE',NULL,0),(37,3,'2017-09-24 13:00:00','BUF',NULL,'DEN',NULL,0),(38,3,'2017-09-24 13:00:00','NE',NULL,'HOU',NULL,0),(39,3,'2017-09-24 13:00:00','NYJ',NULL,'MIA',NULL,0),(40,3,'2017-09-24 13:00:00','CAR',NULL,'NO',NULL,0),(41,3,'2017-09-24 13:00:00','PHI',NULL,'NYG',NULL,0),(42,3,'2017-09-24 13:00:00','CHI',NULL,'PIT',NULL,0),(43,3,'2017-09-24 13:00:00','MIN',NULL,'TB',NULL,0),(44,3,'2017-09-24 16:05:00','TEN',NULL,'SEA',NULL,0),(45,3,'2017-09-24 16:25:00','GB',NULL,'CIN',NULL,0),(46,3,'2017-09-24 16:25:00','LAC',NULL,'KC',NULL,0),(47,3,'2017-09-24 20:30:00','WAS',NULL,'OAK',NULL,0),(48,3,'2017-09-25 20:30:00','ARI',NULL,'DAL',NULL,0),(49,4,'2017-09-28 20:25:00','GB',NULL,'CHI',NULL,0),(50,4,'2017-10-01 09:30:00','MIA',NULL,'NO',NULL,0),(51,4,'2017-10-01 13:00:00','ATL',NULL,'BUF',NULL,0),(52,4,'2017-10-01 13:00:00','NE',NULL,'CAR',NULL,0),(53,4,'2017-10-01 13:00:00','CLE',NULL,'CIN',NULL,0),(54,4,'2017-10-01 13:00:00','MIN',NULL,'DET',NULL,0),(55,4,'2017-10-01 13:00:00','NYJ',NULL,'JAX',NULL,0),(56,4,'2017-10-01 13:00:00','DAL',NULL,'LAR',NULL,0),(57,4,'2017-10-01 13:00:00','BAL',NULL,'PIT',NULL,0),(58,4,'2017-10-01 13:00:00','HOU',NULL,'TEN',NULL,0),(59,4,'2017-10-01 16:05:00','TB',NULL,'NYG',NULL,0),(60,4,'2017-10-01 16:05:00','LAC',NULL,'PHI',NULL,0),(61,4,'2017-10-01 16:05:00','ARI',NULL,'SF',NULL,0),(62,4,'2017-10-01 16:25:00','DEN',NULL,'OAK',NULL,0),(63,4,'2017-10-01 20:30:00','SEA',NULL,'IND',NULL,0),(64,4,'2017-10-02 20:30:00','KC',NULL,'WAS',NULL,0),(65,5,'2017-10-05 20:25:00','TB',NULL,'NE',NULL,0),(66,5,'2017-10-08 13:00:00','PHI',NULL,'ARI',NULL,0),(67,5,'2017-10-08 13:00:00','CIN',NULL,'BUF',NULL,0),(68,5,'2017-10-08 13:00:00','DET',NULL,'CAR',NULL,0),(69,5,'2017-10-08 13:00:00','PIT',NULL,'JAX',NULL,0),(70,5,'2017-10-08 13:00:00','NYG',NULL,'LAC',NULL,0),(71,5,'2017-10-08 13:00:00','CLE',NULL,'NYJ',NULL,0),(72,5,'2017-10-08 13:00:00','IND',NULL,'SF',NULL,0),(73,5,'2017-10-08 13:00:00','MIA',NULL,'TEN',NULL,0),(74,5,'2017-10-08 16:05:00','OAK',NULL,'BAL',NULL,0),(75,5,'2017-10-08 16:05:00','LAR',NULL,'SEA',NULL,0),(76,5,'2017-10-08 16:25:00','DAL',NULL,'GB',NULL,0),(77,5,'2017-10-08 20:30:00','HOU',NULL,'KC',NULL,0),(78,5,'2017-10-09 20:30:00','CHI',NULL,'MIN',NULL,0),(79,6,'2017-10-12 20:25:00','CAR',NULL,'PHI',NULL,0),(80,6,'2017-10-15 13:00:00','BAL',NULL,'CHI',NULL,0),(81,6,'2017-10-15 13:00:00','HOU',NULL,'CLE',NULL,0),(82,6,'2017-10-15 13:00:00','NO',NULL,'DET',NULL,0),(83,6,'2017-10-15 13:00:00','MIN',NULL,'GB',NULL,0),(84,6,'2017-10-15 13:00:00','ATL',NULL,'MIA',NULL,0),(85,6,'2017-10-15 13:00:00','NYJ',NULL,'NE',NULL,0),(86,6,'2017-10-15 13:00:00','WAS',NULL,'SF',NULL,0),(87,6,'2017-10-15 16:05:00','JAX',NULL,'LAR',NULL,0),(88,6,'2017-10-15 16:05:00','ARI',NULL,'TB',NULL,0),(89,6,'2017-10-15 16:25:00','OAK',NULL,'LAC',NULL,0),(90,6,'2017-10-15 16:25:00','KC',NULL,'PIT',NULL,0),(91,6,'2017-10-15 20:30:00','DEN',NULL,'NYG',NULL,0),(92,6,'2017-10-16 20:30:00','TEN',NULL,'IND',NULL,0),(93,7,'2017-10-19 20:25:00','OAK',NULL,'KC',NULL,0),(94,7,'2017-10-22 13:00:00','LAR ',NULL,'ARI',NULL,0),(95,7,'2017-10-22 13:00:00','MIN',NULL,'BAL',NULL,0),(96,7,'2017-10-22 13:00:00','CHI',NULL,'CAR',NULL,0),(97,7,'2017-10-22 13:00:00','PIT',NULL,'CIN',NULL,0),(98,7,'2017-10-22 13:00:00','IND',NULL,'JAX',NULL,0),(99,7,'2017-10-22 13:00:00','GB',NULL,'NO',NULL,0),(100,7,'2017-10-22 13:00:00','MIA',NULL,'NYJ',NULL,0),(101,7,'2017-10-22 13:00:00','BUF',NULL,'TB',NULL,0),(102,7,'2017-10-22 13:00:00','CLE',NULL,'TEN',NULL,0),(103,7,'2017-10-22 16:05:00','SF',NULL,'DAL',NULL,0),(104,7,'2017-10-22 16:25:00','LAC',NULL,'DEN',NULL,0),(105,7,'2017-10-22 16:25:00','NYG',NULL,'SEA',NULL,0),(106,7,'2017-10-22 20:30:00','NE',NULL,'ATL',NULL,0),(107,7,'2017-10-23 20:30:00','PHI',NULL,'WAS',NULL,0),(108,8,'2017-10-26 20:25:00','BAL',NULL,'MIA',NULL,0),(109,8,'2017-10-29 09:30:00','CLE',NULL,'MIN',NULL,0),(110,8,'2017-10-29 13:00:00','NYJ',NULL,'ATL',NULL,0),(111,8,'2017-10-29 13:00:00','TB',NULL,'CAR',NULL,0),(112,8,'2017-10-29 13:00:00','NO',NULL,'CHI',NULL,0),(113,8,'2017-10-29 13:00:00','CIN',NULL,'IND',NULL,0),(114,8,'2017-10-29 13:00:00','NE',NULL,'LAC',NULL,0),(115,8,'2017-10-29 13:00:00','BUF',NULL,'OAK',NULL,0),(116,8,'2017-10-29 13:00:00','PHI',NULL,'SF',NULL,0),(117,8,'2017-10-29 16:05:00','SEA',NULL,'HOU',NULL,0),(118,8,'2017-10-29 16:25:00','WAS',NULL,'DAL',NULL,0),(119,8,'2017-10-29 20:30:00','DET',NULL,'PIT',NULL,0),(120,8,'2017-10-30 20:30:00','KC',NULL,'DEN',NULL,0),(121,9,'2017-11-02 20:25:00','NYJ',NULL,'BUF',NULL,0),(122,9,'2017-11-05 13:00:00','CAR',NULL,'ATL',NULL,0),(123,9,'2017-11-05 13:00:00','TEN',NULL,'BAL',NULL,0),(124,9,'2017-11-05 13:00:00','JAX',NULL,'CIN',NULL,0),(125,9,'2017-11-05 13:00:00','PHI',NULL,'DEN',NULL,0),(126,9,'2017-11-05 13:00:00','HOU',NULL,'IND',NULL,0),(127,9,'2017-11-05 13:00:00','NYG',NULL,'LAR',NULL,0),(128,9,'2017-11-05 13:00:00','NO',NULL,'TB',NULL,0),(129,9,'2017-11-05 16:05:00','SF',NULL,'ARI',NULL,0),(130,9,'2017-11-05 16:05:00','SEA',NULL,'WAS',NULL,0),(131,9,'2017-11-05 16:25:00','DAL',NULL,'KC',NULL,0),(132,9,'2017-11-05 20:30:00','MIA',NULL,'OAK',NULL,0),(133,9,'2017-11-06 20:30:00','GB',NULL,'DET',NULL,0),(134,10,'2017-11-09 20:25:00','ARI',NULL,'SEA',NULL,0),(135,10,'2017-11-12 13:00:00','TEN',NULL,'CIN',NULL,0),(136,10,'2017-11-12 13:00:00','DET',NULL,'CLE',NULL,0),(137,10,'2017-11-12 13:00:00','CHI',NULL,'GB',NULL,0),(138,10,'2017-11-12 13:00:00','JAX',NULL,'LAC',NULL,0),(139,10,'2017-11-12 13:00:00','WAS',NULL,'MIN',NULL,0),(140,10,'2017-11-12 13:00:00','BUF',NULL,'NO',NULL,0),(141,10,'2017-11-12 13:00:00','TB',NULL,'NYJ',NULL,0),(142,10,'2017-11-12 13:00:00','IND',NULL,'PIT',NULL,0),(143,10,'2017-11-12 16:05:00','LAR',NULL,'HOU',NULL,0),(144,10,'2017-11-12 16:25:00','ATL',NULL,'DAL',NULL,0),(145,10,'2017-11-12 16:25:00','SF',NULL,'NYG',NULL,0),(146,10,'2017-11-12 20:30:00','DEN',NULL,'NE',NULL,0),(147,10,'2017-11-13 20:30:00','CAR',NULL,'MIA',NULL,0),(148,11,'2017-11-16 20:25:00','PIT',NULL,'TEN',NULL,0),(149,11,'2017-11-19 13:00:00','HOU',NULL,'ARI',NULL,0),(150,11,'2017-11-19 13:00:00','GB',NULL,'BAL',NULL,0),(151,11,'2017-11-19 13:00:00','CHI',NULL,'DET',NULL,0),(152,11,'2017-11-19 13:00:00','CLE',NULL,'JAX',NULL,0),(153,11,'2017-11-19 13:00:00','NYG',NULL,'KC',NULL,0),(154,11,'2017-11-19 13:00:00','MIN',NULL,'LAR',NULL,0),(155,11,'2017-11-19 13:00:00','NO',NULL,'WAS',NULL,0),(156,11,'2017-11-19 16:05:00','LAC',NULL,'BUF',NULL,0),(157,11,'2017-11-19 16:25:00','DEN',NULL,'CIN',NULL,0),(158,11,'2017-11-19 16:25:00','OAK',NULL,'NE',NULL,0),(159,11,'2017-11-19 20:30:00','DAL',NULL,'PHI',NULL,0),(160,11,'2017-11-20 20:30:00','SEA',NULL,'ATL',NULL,0),(161,12,'2017-11-23 12:30:00','DET',NULL,'MIN',NULL,0),(162,12,'2017-11-23 16:30:00','DAL',NULL,'LAC',NULL,0),(163,12,'2017-11-23 20:30:00','WAS',NULL,'NYG',NULL,0),(164,12,'2017-11-26 13:00:00','KC',NULL,'BUF',NULL,0),(165,12,'2017-11-26 13:00:00','NYJ',NULL,'CAR',NULL,0),(166,12,'2017-11-26 13:00:00','PHI',NULL,'CHI',NULL,0),(167,12,'2017-11-26 13:00:00','CIN',NULL,'CLE',NULL,0),(168,12,'2017-11-26 13:00:00','NE',NULL,'MIA',NULL,0),(169,12,'2017-11-26 13:00:00','ATL',NULL,'TB',NULL,0),(170,12,'2017-11-26 13:00:00','IND',NULL,'TEN',NULL,0),(171,12,'2017-11-26 16:05:00','LAR',NULL,'NO',NULL,0),(172,12,'2017-11-26 16:05:00','SF',NULL,'SEA',NULL,0),(173,12,'2017-11-26 16:25:00','OAK',NULL,'DEN',NULL,0),(174,12,'2017-11-26 16:25:00','ARI',NULL,'JAX',NULL,0),(175,12,'2017-11-26 20:30:00','PIT',NULL,'GB',NULL,0),(176,12,'2017-11-27 20:30:00','BAL',NULL,'HOU',NULL,0),(177,13,'2017-11-30 20:25:00','DAL',NULL,'WAS',NULL,0),(178,13,'2017-12-03 13:00:00','NO',NULL,'CAR',NULL,0),(179,13,'2017-12-03 13:00:00','MIA',NULL,'DEN',NULL,0),(180,13,'2017-12-03 13:00:00','BAL',NULL,'DET',NULL,0),(181,13,'2017-12-03 13:00:00','TEN',NULL,'HOU',NULL,0),(182,13,'2017-12-03 13:00:00','JAX',NULL,'IND',NULL,0),(183,13,'2017-12-03 13:00:00','NYJ',NULL,'KC',NULL,0),(184,13,'2017-12-03 13:00:00','ATL',NULL,'MIN',NULL,0),(185,13,'2017-12-03 13:00:00','BUF',NULL,'NE',NULL,0),(186,13,'2017-12-03 13:00:00','CHI',NULL,'SF',NULL,0),(187,13,'2017-12-03 13:00:00','GB',NULL,'TB',NULL,0),(188,13,'2017-12-03 16:05:00','LAC',NULL,'CLE',NULL,0),(189,13,'2017-12-03 16:25:00','ARI',NULL,'LAR',NULL,0),(190,13,'2017-12-03 16:25:00','OAK',NULL,'NYG',NULL,0),(191,13,'2017-12-03 20:30:00','SEA',NULL,'PHI',NULL,0),(192,13,'2017-12-04 20:30:00','CIN',NULL,'PIT',NULL,0),(193,14,'2017-12-07 20:25:00','ATL',NULL,'NO',NULL,0),(194,14,'2017-12-10 13:00:00','CIN',NULL,'CHI',NULL,0),(195,14,'2017-12-10 13:00:00','TB',NULL,'DET',NULL,0),(196,14,'2017-12-10 13:00:00','CLE',NULL,'GB',NULL,0),(197,14,'2017-12-10 13:00:00','BUF',NULL,'IND',NULL,0),(198,14,'2017-12-10 13:00:00','CAR',NULL,'MIN',NULL,0),(199,14,'2017-12-10 13:00:00','KC',NULL,'OAK',NULL,0),(200,14,'2017-12-10 13:00:00','HOU',NULL,'SF',NULL,0),(201,14,'2017-12-10 13:00:00','JAX',NULL,'SEA',NULL,0),(202,14,'2017-12-10 16:05:00','DEN',NULL,'NYJ',NULL,0),(203,14,'2017-12-10 16:05:00','ARI',NULL,'TEN',NULL,0),(204,14,'2017-12-10 16:05:00','LAC',NULL,'WAS',NULL,0),(205,14,'2017-12-10 16:25:00','NYG',NULL,'DAL',NULL,0),(206,14,'2017-12-10 16:25:00','LAR',NULL,'PHI',NULL,0),(207,14,'2017-12-10 20:30:00','PIT',NULL,'BAL',NULL,0),(208,14,'2017-12-11 20:30:00','MIA',NULL,'NE',NULL,0),(209,15,'2017-12-14 20:25:00','IND',NULL,'DEN',NULL,0),(210,15,'2017-12-16 16:30:00','DET',NULL,'CHI',NULL,0),(211,15,'2017-12-16 20:25:00','KC',NULL,'LAC',NULL,0),(212,15,'2017-12-17 13:00:00','WAS',NULL,'ARI',NULL,0),(213,15,'2017-12-17 13:00:00','CLE',NULL,'BAL',NULL,0),(214,15,'2017-12-17 13:00:00','MIN',NULL,'CIN',NULL,0),(215,15,'2017-12-17 13:00:00','CAR',NULL,'GB',NULL,0),(216,15,'2017-12-17 13:00:00','JAX',NULL,'HOU',NULL,0),(217,15,'2017-12-17 13:00:00','BUF',NULL,'MIA',NULL,0),(218,15,'2017-12-17 13:00:00','NO',NULL,'NYJ',NULL,0),(219,15,'2017-12-17 13:00:00','NYG',NULL,'PHI',NULL,0),(220,15,'2017-12-17 16:05:00','SEA',NULL,'LAR',NULL,0),(221,15,'2017-12-17 16:25:00','PIT',NULL,'NE',NULL,0),(222,15,'2017-12-17 16:25:00','SF',NULL,'TEN',NULL,0),(223,15,'2017-12-17 20:30:00','OAK',NULL,'DAL',NULL,0),(224,15,'2017-12-17 20:30:00','TB',NULL,'ATL',NULL,0),(225,16,'2017-12-23 16:30:00','BAL',NULL,'IND',NULL,0),(226,16,'2017-12-23 20:30:00','GB',NULL,'MIN',NULL,0),(227,16,'2017-12-24 13:00:00','NO',NULL,'ATL',NULL,0),(228,16,'2017-12-24 13:00:00','NE',NULL,'BUF',NULL,0),(229,16,'2017-12-24 13:00:00','CHI',NULL,'CLE',NULL,0),(230,16,'2017-12-24 13:00:00','WAS',NULL,'DEN',NULL,0),(231,16,'2017-12-24 13:00:00','CIN',NULL,'DET',NULL,0),(232,16,'2017-12-24 13:00:00','NYJ',NULL,'LAC',NULL,0),(233,16,'2017-12-24 13:00:00','TEN',NULL,'LAR',NULL,0),(234,16,'2017-12-24 13:00:00','KC',NULL,'MIA',NULL,0),(235,16,'2017-12-24 13:00:00','CAR',NULL,'TB',NULL,0),(236,16,'2017-12-24 16:05:00','SF',NULL,'JAX',NULL,0),(237,16,'2017-12-24 16:25:00','ARI',NULL,'NYG',NULL,0),(238,16,'2017-12-24 16:25:00','DAL',NULL,'SEA',NULL,0),(239,16,'2017-12-25 16:30:00','HOU',NULL,'PIT',NULL,0),(240,16,'2017-12-25 20:30:00','PHI',NULL,'OAK',NULL,0),(241,17,'2017-12-31 13:00:00','MIA',NULL,'BUF',NULL,0),(242,17,'2017-12-31 13:00:00','ATL',NULL,'CAR',NULL,0),(243,17,'2017-12-31 13:00:00','MIN',NULL,'CHI',NULL,0),(244,17,'2017-12-31 13:00:00','BAL',NULL,'CIN',NULL,0),(245,17,'2017-12-31 13:00:00','PIT',NULL,'CLE',NULL,0),(246,17,'2017-12-31 13:00:00','PHI',NULL,'DAL',NULL,0),(247,17,'2017-12-31 13:00:00','DET',NULL,'GB',NULL,0),(248,17,'2017-12-31 13:00:00','IND',NULL,'HOU',NULL,0),(249,17,'2017-12-31 13:00:00','TEN',NULL,'JAX',NULL,0),(250,17,'2017-12-31 13:00:00','TB',NULL,'NO',NULL,0),(251,17,'2017-12-31 13:00:00','NE',NULL,'NYJ',NULL,0),(252,17,'2017-12-31 13:00:00','NYG',NULL,'WAS',NULL,0),(253,17,'2017-12-31 16:25:00','SEA',NULL,'ARI',NULL,0),(254,17,'2017-12-31 16:25:00','DEN',NULL,'KC',NULL,0),(255,17,'2017-12-31 16:25:00','LAC',NULL,'OAK',NULL,0),(256,17,'2017-12-31 16:25:00','LAR',NULL,'SF',NULL,0);
/*!40000 ALTER TABLE `nflp_schedule` ENABLE KEYS */;
UNLOCK TABLES;

--
-- Table structure for table `nflp_teams`
--

DROP TABLE IF EXISTS `nflp_teams`;
/*!40101 SET @saved_cs_client     = @@character_set_client */;
/*!40101 SET character_set_client = utf8 */;
CREATE TABLE `nflp_teams` (
  `teamID` varchar(10) NOT NULL,
  `divisionID` int(11) NOT NULL,
  `city` varchar(50) DEFAULT NULL,
  `team` varchar(50) DEFAULT NULL,
  `displayName` varchar(50) DEFAULT NULL,
  PRIMARY KEY (`teamID`),
  KEY `ID` (`teamID`)
) ENGINE=MyISAM DEFAULT CHARSET=utf8 ROW_FORMAT=DYNAMIC;
/*!40101 SET character_set_client = @saved_cs_client */;

--
-- Dumping data for table `nflp_teams`
--

LOCK TABLES `nflp_teams` WRITE;
/*!40000 ALTER TABLE `nflp_teams` DISABLE KEYS */;
INSERT INTO `nflp_teams` VALUES ('ARI',8,'Arizona','Cardinals',NULL),('ATL',6,'Atlanta','Falcons',NULL),('BAL',1,'Baltimore','Ravens',NULL),('BUF',3,'Buffalo','Bills',NULL),('CAR',6,'Carolina','Panthers',NULL),('CHI',5,'Chicago','Bears',NULL),('CIN',1,'Cincinnati','Bengals',NULL),('CLE',1,'Cleveland','Browns',NULL),('DAL',7,'Dallas','Cowboys',NULL),('DEN',4,'Denver','Broncos',NULL),('DET',5,'Detroit','Lions',NULL),('GB',5,'Green Bay','Packers',NULL),('HOU',2,'Houston','Texans',NULL),('IND',2,'Indianapolis','Colts',NULL),('JAX',2,'Jacksonville','Jaguars',NULL),('KC',4,'Kansas City','Chiefs',NULL),('MIA',3,'Miami','Dolphins',NULL),('MIN',5,'Minnesota','Vikings',NULL),('NE',3,'New England','Patriots',NULL),('NO',6,'New Orleans','Saints',NULL),('NYG',7,'New York','Giants','NY Giants'),('NYJ',3,'New York','Jets','NY Jets'),('OAK',4,'Oakland','Raiders',NULL),('PHI',7,'Philadelphia','Eagles',NULL),('PIT',1,'Pittsburgh','Steelers',NULL),('LAC',4,'Los Angeles','Chargers','LA Chargers'),('SEA',8,'Seattle','Seahawks',NULL),('SF',8,'San Francisco','49ers',NULL),('LAR',8,'Los Angeles','Rams','LA Rams'),('TB',6,'Tampa Bay','Buccaneers',NULL),('TEN',2,'Tennessee','Titans',NULL),('WAS',7,'Washington','Redskins',NULL);
/*!40000 ALTER TABLE `nflp_teams` ENABLE KEYS */;
UNLOCK TABLES;

--
-- Table structure for table `nflp_users`
--

DROP TABLE IF EXISTS `nflp_users`;
/*!40101 SET @saved_cs_client     = @@character_set_client */;
/*!40101 SET character_set_client = utf8 */;
CREATE TABLE `nflp_users` (
  `userID` int(11) NOT NULL AUTO_INCREMENT,
  `userName` varchar(32) NOT NULL,
  `password` varchar(255) NOT NULL,
  `salt` varchar(255) NOT NULL,
  `firstname` varchar(255) DEFAULT NULL,
  `lastname` varchar(255) DEFAULT NULL,
  `email` varchar(255) NOT NULL,
  `status` tinyint(1) DEFAULT '1',
  `is_admin` tinyint(1) NOT NULL DEFAULT '0',
  PRIMARY KEY (`userID`)
) ENGINE=MyISAM AUTO_INCREMENT=7 DEFAULT CHARSET=utf8 ROW_FORMAT=DYNAMIC;
/*!40101 SET character_set_client = @saved_cs_client */;

--
-- Dumping data for table `nflp_users`
--

LOCK TABLES `nflp_users` WRITE;
/*!40000 ALTER TABLE `nflp_users` DISABLE KEYS */;
INSERT INTO `nflp_users` VALUES (1,'admin','IIeaWGXwhBAus0ZfTyXO2b9t6Qb8HmR169QinMQZFchAVu9BawsSYA==','Y0t6HkgOqr','Admin','Admin','bbrusda@marinetravelift.com',1,1),(5,'bbrusda','dgNsDJ95xG6Tk1ms1qr4tAFV4YiDsyUX','VnDga6AiQV','Brett','Brusda','bdbtzc@gmail.com',1,0);
/*!40000 ALTER TABLE `nflp_users` ENABLE KEYS */;
UNLOCK TABLES;
/*!40103 SET TIME_ZONE=@OLD_TIME_ZONE */;

/*!40101 SET SQL_MODE=@OLD_SQL_MODE */;
/*!40014 SET FOREIGN_KEY_CHECKS=@OLD_FOREIGN_KEY_CHECKS */;
/*!40014 SET UNIQUE_CHECKS=@OLD_UNIQUE_CHECKS */;
/*!40101 SET CHARACTER_SET_CLIENT=@OLD_CHARACTER_SET_CLIENT */;
/*!40101 SET CHARACTER_SET_RESULTS=@OLD_CHARACTER_SET_RESULTS */;
/*!40101 SET COLLATION_CONNECTION=@OLD_COLLATION_CONNECTION */;
/*!40111 SET SQL_NOTES=@OLD_SQL_NOTES */;

-- Dump completed on 2017-08-14 20:21:06
